INSERT INTO COMPETIDORES (ID,NOMBRE,FOTO) VALUES (1,'Estrellita Caribenita',empty_blob());
INSERT INTO COMPETIDORES (ID,NOMBRE,FOTO) VALUES (2,'DELOS INC.',empty_blob());
INSERT INTO COMPETIDORES (ID,NOMBRE,FOTO) VALUES (3,'Shelby Company Limited',empty_blob());
INSERT INTO COMPETIDORES (ID,NOMBRE,FOTO) VALUES (4,'Andina de Turismo',empty_blob());
INSERT INTO COMPETIDORES (ID,NOMBRE,FOTO) VALUES (5,'Turvinter',empty_blob());
INSERT INTO COMPETIDORES (ID,NOMBRE,FOTO) VALUES (6,'UCAB Turismo',empty_blob());
INSERT INTO COMPETIDORES (ID,NOMBRE,FOTO) VALUES (7,'Venezuela Bella',empty_blob());
INSERT INTO COMPETIDORES (ID,NOMBRE,FOTO) VALUES (8,'Morocoy Ships',empty_blob());
INSERT INTO COMPETIDORES (ID,NOMBRE,FOTO) VALUES (9,'La Chinita Rides INC.',empty_blob());
INSERT INTO COMPETIDORES (ID,NOMBRE,FOTO) VALUES (10,'United Continental Venezuela',empty_blob());
INSERT INTO COMPETIDORES (ID,NOMBRE,FOTO) VALUES (11,'Walt Disney Venezuela',empty_blob());
INSERT INTO COMPETIDORES (ID,NOMBRE,FOTO) VALUES (12,'Marriot Venezuela',empty_blob());
INSERT INTO COMPETIDORES (ID,NOMBRE,FOTO) VALUES (13,'Singapur Venezuela',empty_blob());
INSERT INTO COMPETIDORES (ID,NOMBRE,FOTO) VALUES (14,'Ryanair Venezuela',empty_blob());
INSERT INTO COMPETIDORES (ID,NOMBRE,FOTO) VALUES (15,'Estrellita Caribenita',empty_blob());

INSERT INTO VENTAS_COMPETIDORES (FECHA_CREACION,CANTIDAD_VENTAS,FK_COMPETIDOR) VALUES (DATE '2021-1-1',5000,1);
INSERT INTO VENTAS_COMPETIDORES (FECHA_CREACION,CANTIDAD_VENTAS,FK_COMPETIDOR) VALUES (DATE '2021-2-1',6000,1);
INSERT INTO VENTAS_COMPETIDORES (FECHA_CREACION,CANTIDAD_VENTAS,FK_COMPETIDOR) VALUES (DATE '2021-3-1',2000,1);
INSERT INTO VENTAS_COMPETIDORES (FECHA_CREACION,CANTIDAD_VENTAS,FK_COMPETIDOR) VALUES (DATE '2021-1-1',8000,2);
INSERT INTO VENTAS_COMPETIDORES (FECHA_CREACION,CANTIDAD_VENTAS,FK_COMPETIDOR) VALUES (DATE '2021-2-1',2000,2);
INSERT INTO VENTAS_COMPETIDORES (FECHA_CREACION,CANTIDAD_VENTAS,FK_COMPETIDOR) VALUES (DATE '2021-3-1',5000,2);
INSERT INTO VENTAS_COMPETIDORES (FECHA_CREACION,CANTIDAD_VENTAS,FK_COMPETIDOR) VALUES (DATE '2021-3-1',9000,3);
INSERT INTO VENTAS_COMPETIDORES (FECHA_CREACION,CANTIDAD_VENTAS,FK_COMPETIDOR) VALUES (DATE '2021-1-1',7000,3);
INSERT INTO VENTAS_COMPETIDORES (FECHA_CREACION,CANTIDAD_VENTAS,FK_COMPETIDOR) VALUES (DATE '2021-2-1',2000,3);
INSERT INTO VENTAS_COMPETIDORES (FECHA_CREACION,CANTIDAD_VENTAS,FK_COMPETIDOR) VALUES (DATE '2021-3-1',7000,4);
INSERT INTO VENTAS_COMPETIDORES (FECHA_CREACION,CANTIDAD_VENTAS,FK_COMPETIDOR) VALUES (DATE '2021-1-1',3000,4);
INSERT INTO VENTAS_COMPETIDORES (FECHA_CREACION,CANTIDAD_VENTAS,FK_COMPETIDOR) VALUES (DATE '2021-2-1',3000,4);
INSERT INTO VENTAS_COMPETIDORES (FECHA_CREACION,CANTIDAD_VENTAS,FK_COMPETIDOR) VALUES (DATE '2021-2-1',8000,5);
INSERT INTO VENTAS_COMPETIDORES (FECHA_CREACION,CANTIDAD_VENTAS,FK_COMPETIDOR) VALUES (DATE '2021-3-1',4000,6);
INSERT INTO VENTAS_COMPETIDORES (FECHA_CREACION,CANTIDAD_VENTAS,FK_COMPETIDOR) VALUES (DATE '2021-1-1',8000,7);

INSERT INTO SERVICIOS VALUES (1,'Servicio de crucero hasta choroni');
INSERT INTO SERVICIOS VALUES (2,'Servicio de crucero hasta Lecherias');
INSERT INTO SERVICIOS VALUES (3,'Servicio de crucero hasta Margarita');

INSERT INTO CRUCEROS VALUES (1, DATOS_TDA('Espiritu Santo','Un crucero con muchos salones de conciertos'),empty_blob(),1);

INSERT INTO MANTENIMIENTOS VALUES (1,PRECIO_TDA(PRECIO_TDA.VALIDACION_MONTO(5)),'Cambio de aceite');

INSERT INTO HIS_MANTENIMIENTOS VALUES (DATE '2021-1-10',DATE '2021-2-10',1,1);

INSERT INTO PAQUETES VALUES (1,DATOS_TDA('Estrella caribena','Un paquete por todas las costas del caribe'));

INSERT INTO PROVEEDORES VALUES (1,'HILTON CARACAS', empty_blob(),empty_blob());

INSERT INTO HIS_ALIANZAS VALUES (DATE '2021-1-1',NULL, 1,1);

INSERT INTO DESTINOS VALUES (1,DATOS_TDA('MARGARITA','Una de las islas mas bellas de venezuela.'),null,empty_blob());

INSERT INTO PAISES VALUES (1,'Venezuela',empty_blob(),'AM');

INSERT INTO HIS_SERVICIOS VALUES (DATE '2021-1-1',FECHAS_TDA(DATE '2021-1-1',DATE '2021-1-10',FECHAS_TDA.VALIDACION_PRECIO(5),FECHAS_TDA.PRECIO_TOTAL(5,DATE '2021-1-1',DATE '2021-1-10')),1,1);

INSERT INTO CLIENTES VALUES (1,'Froilan','Roa','froilan@gmail.com',null,1);

INSERT INTO HIS_PAQUETES VALUES (DATE '2021-1-1',FECHAS_TDA(DATE '2021-1-1',DATE '2021-1-10',FECHAS_TDA.VALIDACION_PRECIO(10),FECHAS_TDA.PRECIO_TOTAL(10,DATE '2021-1-1',DATE '2021-1-10')),100,1,1);

INSERT INTO PCRS VALUES (1,DATE '2021-1-1',0,1,1);

INSERT INTO FACTURAS VALUES (1,DATE '2021-1-1',123,'ANDROID','WHATSAPP',1,1);

INSERT INTO FORMAS_PAGO VALUES (1,PRECIO_TDA(123),'TDC',1,1,1);

INSERT INTO DET_FACTURAS VALUES (1,1,1,1,1,1);

INSERT INTO OBSERVACION VALUES (1,DATE '2021-1-1',':|',1,1,1);

INSERT INTO COMENTARIOS_OBSERVACIONES VALUES (1,'Servicio muy mal organizado',1,1,1,1);

