INSERT INTO COMPETIDORES (ID,NOMBRE,FOTO) VALUES (1,'Estrellita Caribenita',empty_blob());
INSERT INTO COMPETIDORES (ID,NOMBRE,FOTO) VALUES (2,'DELOS INC.',empty_blob());
INSERT INTO COMPETIDORES (ID,NOMBRE,FOTO) VALUES (3,'Shelby Company Limited',empty_blob());
INSERT INTO COMPETIDORES (ID,NOMBRE,FOTO) VALUES (4,'Andina de Turismo',empty_blob());
INSERT INTO COMPETIDORES (ID,NOMBRE,FOTO) VALUES (5,'Turvinter',empty_blob());
INSERT INTO COMPETIDORES (ID,NOMBRE,FOTO) VALUES (6,'UCAB Turismo',empty_blob());
INSERT INTO COMPETIDORES (ID,NOMBRE,FOTO) VALUES (7,'Venezuela Bella',empty_blob());
INSERT INTO COMPETIDORES (ID,NOMBRE,FOTO) VALUES (8,'Morocoy Ships',empty_blob());
INSERT INTO COMPETIDORES (ID,NOMBRE,FOTO) VALUES (9,'La Chinita Rides INC.',empty_blob());
INSERT INTO COMPETIDORES (ID,NOMBRE,FOTO) VALUES (10,'United Continental Venezuela',empty_blob());
INSERT INTO COMPETIDORES (ID,NOMBRE,FOTO) VALUES (11,'Walt Disney Venezuela',empty_blob());
INSERT INTO COMPETIDORES (ID,NOMBRE,FOTO) VALUES (12,'Marriot Venezuela',empty_blob());
INSERT INTO COMPETIDORES (ID,NOMBRE,FOTO) VALUES (13,'Singapur Venezuela',empty_blob());
INSERT INTO COMPETIDORES (ID,NOMBRE,FOTO) VALUES (14,'Ryanair Venezuela',empty_blob());
INSERT INTO COMPETIDORES (ID,NOMBRE,FOTO) VALUES (15,'Estrellita Caribenita',empty_blob());

INSERT INTO VENTAS_COMPETIDORES (FECHA_CREACION,CANTIDAD_VENTAS,FK_COMPETIDOR) VALUES (DATE '2021-1-1',5000,1);
INSERT INTO VENTAS_COMPETIDORES (FECHA_CREACION,CANTIDAD_VENTAS,FK_COMPETIDOR) VALUES (DATE '2021-2-1',6000,1);
INSERT INTO VENTAS_COMPETIDORES (FECHA_CREACION,CANTIDAD_VENTAS,FK_COMPETIDOR) VALUES (DATE '2021-3-1',2000,1);
INSERT INTO VENTAS_COMPETIDORES (FECHA_CREACION,CANTIDAD_VENTAS,FK_COMPETIDOR) VALUES (DATE '2021-1-1',8000,2);
INSERT INTO VENTAS_COMPETIDORES (FECHA_CREACION,CANTIDAD_VENTAS,FK_COMPETIDOR) VALUES (DATE '2021-2-1',2000,2);
INSERT INTO VENTAS_COMPETIDORES (FECHA_CREACION,CANTIDAD_VENTAS,FK_COMPETIDOR) VALUES (DATE '2021-3-1',5000,2);
INSERT INTO VENTAS_COMPETIDORES (FECHA_CREACION,CANTIDAD_VENTAS,FK_COMPETIDOR) VALUES (DATE '2021-3-1',9000,3);
INSERT INTO VENTAS_COMPETIDORES (FECHA_CREACION,CANTIDAD_VENTAS,FK_COMPETIDOR) VALUES (DATE '2021-1-1',7000,3);
INSERT INTO VENTAS_COMPETIDORES (FECHA_CREACION,CANTIDAD_VENTAS,FK_COMPETIDOR) VALUES (DATE '2021-2-1',2000,3);
INSERT INTO VENTAS_COMPETIDORES (FECHA_CREACION,CANTIDAD_VENTAS,FK_COMPETIDOR) VALUES (DATE '2021-3-1',7000,4);
INSERT INTO VENTAS_COMPETIDORES (FECHA_CREACION,CANTIDAD_VENTAS,FK_COMPETIDOR) VALUES (DATE '2021-1-1',3000,4);
INSERT INTO VENTAS_COMPETIDORES (FECHA_CREACION,CANTIDAD_VENTAS,FK_COMPETIDOR) VALUES (DATE '2021-2-1',3000,4);
INSERT INTO VENTAS_COMPETIDORES (FECHA_CREACION,CANTIDAD_VENTAS,FK_COMPETIDOR) VALUES (DATE '2021-2-1',8000,5);
INSERT INTO VENTAS_COMPETIDORES (FECHA_CREACION,CANTIDAD_VENTAS,FK_COMPETIDOR) VALUES (DATE '2021-3-1',4000,6);
INSERT INTO VENTAS_COMPETIDORES (FECHA_CREACION,CANTIDAD_VENTAS,FK_COMPETIDOR) VALUES (DATE '2021-1-1',8000,7);

INSERT INTO SERVICIOS VALUES (1,'Servicio de crucero hasta choroni');
INSERT INTO SERVICIOS VALUES (2,'Servicio de crucero hasta Lecherias');
INSERT INTO SERVICIOS VALUES (3,'Servicio de crucero hasta Margarita');

INSERT INTO CRUCEROS VALUES (1, DATOS_TDA(DATOS_TDA.VALIDACION_FECHA(DATE '2021-1-1',DATE '2021-3-1'),DATE '2021-3-1',DATOS_TDA.VALIDACION_PRECIO(2.1),DATOS_TDA.PRECIO_TOTAL(2.1,DATE '2021-1-1',DATE '2021-3-1')),empty_blob(),1);
INSERT INTO CRUCEROS VALUES (2, DATOS_TDA(DATOS_TDA.VALIDACION_FECHA(DATE '2021-1-1',DATE '2021-2-1'),DATE '2021-2-1',DATOS_TDA.VALIDACION_PRECIO(5),DATOS_TDA.PRECIO_TOTAL(5,DATE '2021-1-1',DATE '2021-2-1')),empty_blob(),2);
INSERT INTO CRUCEROS VALUES (3, DATOS_TDA(DATOS_TDA.VALIDACION_FECHA(DATE '2021-1-15',DATE '2021-1-30'),DATE '2021-1-30',DATOS_TDA.VALIDACION_PRECIO(2),DATOS_TDA.PRECIO_TOTAL(2,DATE '2021-1-15',DATE '2021-1-30')),empty_blob(),3);

INSERT INTO MANTENIMIENTOS VALUES (1,PRECIO_TDA(PRECIO_TDA.VALIDACION_MONTO(5)),'Cambio de aceite');

INSERT INTO HIS_MANTENIMIENTOS VALUES (DATE '2021-1-10',DATE '2021-2-10',1,1);